{"classifier":{"examples":{"spam":[[0,0,0,1,1,1,1,1,1,1,1,1,1,1,1,1,1,1,1,1,1,0,0,0,0,0,0,0,0,0,0,0,0,0,0,0,0,0,0,0,0,0,0,0,0,0,0,0,0,0,0,0,0,0,0,0,0,0,0],[1,0,1,0,0,0,0,1,0,0,0,0,0,0,0,0,0,0,0,0,0,1,1,1,1,1,1,1,1,1,1,1,1,1,1,1,1,1,0,0,0,0,0,0,0,0,0,0,0,0,0,0,0,0,0,0,0,0,0]],"inbox":[[0,1,0,0,0,0,0,0,0,0,0,0,0,0,0,0,0,0,0,0,1,0,0,0,0,0,0,0,0,0,0,0,0,0,1,0,0,0,1,1,1,1,1,1,1,1,1,1,1,1,1,1,1,1,1,1,1,1,1]]},"features":[],"featurePositions":{},"maxFeaturePosition":0,"classifications":["spam","inbox"],"exampleCount":3,"theta":[{"elements":[0.5000275356911147,-0.5000275356911146,0.5000275356911147,0.5000748462275105,0.5000748462275105,0.5000748462275105,0.5000748462275105,1.0001023819186252,0.5000748462275105,0.5000748462275105,0.5000748462275105,0.5000748462275105,0.5000748462275105,0.5000748462275105,0.5000748462275105,0.5000748462275105,0.5000748462275105,0.5000748462275105,0.5000748462275105,0.5000748462275105,0.00004731053639594424,0.5000275356911147,0.5000275356911147,0.5000275356911147,0.5000275356911147,0.5000275356911147,0.5000275356911147,0.5000275356911147,0.5000275356911147,0.5000275356911147,0.5000275356911147,0.5000275356911147,0.5000275356911147,0.5000275356911147,1.0498126348269797e-16,0.5000275356911147,0.5000275356911147,0.5000275356911147,-0.5000275356911146,-0.5000275356911146,-0.5000275356911146,-0.5000275356911146,-0.5000275356911146,-0.5000275356911146,-0.5000275356911146,-0.5000275356911146,-0.5000275356911146,-0.5000275356911146,-0.5000275356911146,-0.5000275356911146,-0.5000275356911146,-0.5000275356911146,-0.5000275356911146,-0.5000275356911146,-0.5000275356911146,-0.5000275356911146,-0.5000275356911146,-0.5000275356911146,-0.5000275356911146]},{"elements":[-0.5000275356911146,0.5000275356911147,-0.5000275356911146,-0.5000748462275106,-0.5000748462275106,-0.5000748462275106,-0.5000748462275106,-1.0001023819186252,-0.5000748462275106,-0.5000748462275106,-0.5000748462275106,-0.5000748462275106,-0.5000748462275106,-0.5000748462275106,-0.5000748462275106,-0.5000748462275106,-0.5000748462275106,-0.5000748462275106,-0.5000748462275106,-0.5000748462275106,-0.000047310536395922714,-0.5000275356911146,-0.5000275356911146,-0.5000275356911146,-0.5000275356911146,-0.5000275356911146,-0.5000275356911146,-0.5000275356911146,-0.5000275356911146,-0.5000275356911146,-0.5000275356911146,-0.5000275356911146,-0.5000275356911146,-0.5000275356911146,1.0498126348269797e-16,-0.5000275356911146,-0.5000275356911146,-0.5000275356911146,0.5000275356911147,0.5000275356911147,0.5000275356911147,0.5000275356911147,0.5000275356911147,0.5000275356911147,0.5000275356911147,0.5000275356911147,0.5000275356911147,0.5000275356911147,0.5000275356911147,0.5000275356911147,0.5000275356911147,0.5000275356911147,0.5000275356911147,0.5000275356911147,0.5000275356911147,0.5000275356911147,0.5000275356911147,0.5000275356911147,0.5000275356911147]}]},"docs":[{"label":"spam","text":["current","verifi","subscrib","email","account","increas","effici","webmail","futur","dure","cours","requir","provid","verif","desk","follow","detail","so","account","verifi"]},{"label":"spam","text":["last","annual","calcul","account","activ","determin","elig","receiv","tax","refund","479","30","pleas","submit","tax","refund","request","allow","us","dai","order","toprocess"]},{"label":"inbox","text":["tagger","train","parol","corpu","so","rule","us","comput","word","class","new","word","homograph","reflect","composit","usag","parol","corpu","report","below","optim","circumst","tagger","attain","97","correct","po","tag"]}],"features":{"30":1,"97":1,"479":1,"current":1,"verifi":2,"subscrib":1,"email":1,"account":3,"increas":1,"effici":1,"webmail":1,"futur":1,"dure":1,"cours":1,"requir":1,"provid":1,"verif":1,"desk":1,"follow":1,"detail":1,"so":2,"last":1,"annual":1,"calcul":1,"activ":1,"determin":1,"elig":1,"receiv":1,"tax":2,"refund":2,"pleas":1,"submit":1,"request":1,"allow":1,"us":2,"dai":1,"order":1,"toprocess":1,"tagger":2,"train":1,"parol":2,"corpu":2,"rule":1,"comput":1,"word":2,"class":1,"new":1,"homograph":1,"reflect":1,"composit":1,"usag":1,"report":1,"below":1,"optim":1,"circumst":1,"attain":1,"correct":1,"po":1,"tag":1},"stemmer":{},"lastAdded":3,"events":{"domain":null,"_events":{},"_eventsCount":0}}